CategoryName,SubCategoryName,FeatureGroupName,AnnotationFeatureName,FeatureKey
Alcohol & Drugs,Alcohol,Bundle,Addiction,al_lc_bu_addiction
Alcohol & Drugs,Alcohol,Bundle,Consequences,al_lc_bu_consequences
Alcohol & Drugs,Alcohol,Bundle,Drunkenness,al_lc_bu_drunkenness
Alcohol & Drugs,Alcohol,Bundle,Theme,al_lc_bu_theme
Alcohol & Drugs,Drugs,Bundle,Addiction,al_dr_bu_addiction
Alcohol & Drugs,Drugs,Bundle,Consequences,al_dr_bu_consequences
Alcohol & Drugs,Drugs,Bundle,Educational,al_dr_bu_educational
Alcohol & Drugs,Drugs,Bundle,Manufacturing,al_dr_bu_manufacturing
Alcohol & Drugs,Drugs,Bundle,Political,al_dr_bu_political
Alcohol & Drugs,Drugs,Bundle,Selling,al_dr_bu_selling
Alcohol & Drugs,Drugs,Bundle,Theme,al_dr_bu_theme
Alcohol & Drugs,Smoking,Bundle,Consequences,al_sm_bu_consequences
Alcohol & Drugs,Smoking,Bundle,Theme,al_sm_bu_theme
Alcohol & Drugs,Alcohol,Use,Excessive Use,al_lc_us_excessive_use
Alcohol & Drugs,Alcohol,Use,Image,al_lc_us_image
Alcohol & Drugs,Alcohol,Use,Implied,al_lc_us_implied
Alcohol & Drugs,Alcohol,Use,Use,al_lc_us_use
Alcohol & Drugs,Drugs,DrugType,"Hard - Cocaine, Heroin",al_dr_ru_hardcocaine_heroin
Alcohol & Drugs,Drugs,DrugType,Marijuana,al_dr_ru_marijuana
Alcohol & Drugs,Drugs,DrugType,Prescription,al_dr_ru_prescription
Alcohol & Drugs,Drugs,DrugType,"Soft- Speed, LSD",al_dr_ru_soft_speed_lsd
Alcohol & Drugs,Smoking,Use,Excessive Use,al_sm_us_excessive_use
Alcohol & Drugs,Smoking,Use,Image,al_sm_us_image
Alcohol & Drugs,Smoking,Use,Implied,al_sm_us_implied
Alcohol & Drugs,Smoking,Use,Reference,al_sm_us_reference
Alcohol & Drugs,Smoking,Use,Use,al_sm_us_use
Alcohol & Drugs,Alcohol,Adult_Minor,Minors,al_lc_ad_minors
Alcohol & Drugs,Drugs,Use,Excessive Use,al_dr_us_excessive_use
Alcohol & Drugs,Drugs,Use,Image,al_dr_us_image
Alcohol & Drugs,Drugs,Use,Implied,al_dr_us_implied
Alcohol & Drugs,Drugs,Use,Reference,al_dr_us_reference
Alcohol & Drugs,Drugs,Use,Use,al_dr_us_use
Alcohol & Drugs,Smoking,Adult_Minor,Minors,al_sm_ad_minors
Alcohol & Drugs,Alcohol,Detail,Detailed,al_lc_de_detailed
Alcohol & Drugs,Alcohol,Detail,Undetailed,al_lc_de_undetailed
Alcohol & Drugs,Drugs,Detail,Detailed,al_dr_de_detailed
Alcohol & Drugs,Drugs,Detail,Undetailed,al_dr_de_undetailed
Alcohol & Drugs,Smoking,Detail,Detailed,al_sm_de_detailed
Alcohol & Drugs,Smoking,Detail,Undetailed,al_sm_de_undetailed
Alcohol & Drugs,Alcohol,Realism,Realistic,al_lc_re_realistic
Alcohol & Drugs,Alcohol,Realism,Unrealistic,al_lc_re_unrealistic
Alcohol & Drugs,Drugs,Realism,Animated,al_dr_re_animated
Alcohol & Drugs,Drugs,Realism,Realistic,al_dr_re_realistic
Alcohol & Drugs,Drugs,Realism,Unrealistic,al_dr_re_unrealistic
Alcohol & Drugs,Smoking,Realism,Realistic,al_sm_re_realistic
Alcohol & Drugs,Smoking,Realism,Unrealistic,al_sm_re_unrealistic
Alcohol & Drugs,Alcohol,Encouragement ,Encouraged,al_lc_en_encouraged
Alcohol & Drugs,Alcohol,Encouragement ,Explicitly Discouraged,al_lc_en_explicitly_discouraged
Alcohol & Drugs,Alcohol,Encouragement ,Glamorized,al_lc_en_glamorized
Alcohol & Drugs,Alcohol,Encouragement ,Implicitly Discouraged,al_lc_en_implicitly_discouraged
Alcohol & Drugs,Drugs,Encouragement  ,Encouraged,al_dr_en_encouraged
Alcohol & Drugs,Drugs,Encouragement  ,Explicitly Discouraged,al_dr_en_explicitly_discouraged
Alcohol & Drugs,Drugs,Encouragement  ,Glamorized,al_dr_en_glamorized
Alcohol & Drugs,Drugs,Encouragement  ,Implicitly Discouraged,al_dr_en_implicitly_discouraged
Alcohol & Drugs,Drugs,Encouragement  ,Neutral,al_dr_en_neutral
Alcohol & Drugs,Smoking,Encouragement  ,Encouraged,al_sm_en_encouraged
Alcohol & Drugs,Smoking,Encouragement  ,Explicitly Discouraged,al_sm_en_explicitly_discouraged
Alcohol & Drugs,Smoking,Encouragement  ,Glamorized,al_sm_en_glamorized
Alcohol & Drugs,Smoking,Encouragement  ,Implicitly Discouraged,al_sm_en_implicitly_discouraged
Blasphemy,Action,Bundle,Theme,bl_ac_bu_theme
Blasphemy,Cursing,Bundle,Christ,bl_cu_bu_christ
Blasphemy,Cursing,Bundle,For Christ's Sake,bl_cu_bu_for_christs_sake
Blasphemy,Cursing,Bundle,God,bl_cu_bu_god
Blasphemy,Cursing,Bundle,God Damn,bl_cu_bu_god_damn
Blasphemy,Cursing,Bundle,Goddamnit,bl_cu_bu_goddamnit
Blasphemy,Cursing,Bundle,Hell,bl_cu_bu_hell
Blasphemy,Cursing,Bundle,Holy shit,bl_cu_bu_holy_shit
Blasphemy,Cursing,Bundle,Jesus,bl_cu_bu_jesus
Blasphemy,Cursing,Bundle,With F-Word,bl_cu_bu_with_fword
Blasphemy,Action,Speech_Expression,Discussion,bl_ac_ss_discussion
Blasphemy,Cursing,Expression,Gestured,bl_cu_ss_gestured
Blasphemy,Cursing,Expression,Spoken,bl_cu_ss_spoken
Blasphemy,Cursing,Speech_Expression,Inaudible,bl_cu_ss_inaudible
Blasphemy,Cursing,Speech_Expression,Partially Bleeped,bl_cu_ss_partially_bleeped
Blasphemy,Cursing,Speech_Expression,Uncensored,bl_cu_ss_uncensored
Blasphemy,Action,Criticism,Critical,bl_ac_ic_critical
Blasphemy,Action,Criticism,Degrading,bl_ac_ic_degrading
Blasphemy,Action,Criticism,Insulting,bl_ac_ic_insulting
Blasphemy,Cursing,Emotion,Anger,bl_cu_em_anger
Blasphemy,Cursing,Emotion,Neutral,bl_cu_em_neutral
Cinematography,Cinema,Bundle,Changes in Sound Level,ci_in_bu_changes_in_sound_level
Cinematography,Cinema,Bundle,Dark Scenes,ci_in_bu_dark_scenes
Cinematography,Cinema,Bundle,Fast Cuts,ci_in_bu_fast_cuts
Cinematography,Cinema,Bundle,Lighting Effects,ci_in_bu_lighting_effects
Cinematography,Cinema,Bundle,Loud Music,ci_in_bu_loud_music
Cinematography,Cinema,Bundle,Mild Sound Effects,ci_in_bu_mild_sound_effects
Cinematography,Cinema,Bundle,Mild Visual Effects,ci_in_bu_mild_visual_effects
Cinematography,Cinema,Bundle,Moderate Sound Effects,ci_in_bu_moderate_sound_effects
Cinematography,Cinema,Bundle,Moderate Visual Effects,ci_in_bu_moderate_visual_effects
Cinematography,Cinema,Bundle,Sound Enhancing Tension,ci_in_bu_sound_enhancing_tension
Cinematography,Cinema,Bundle,Strong Sound Effects,ci_in_bu_strong_sound_effects
Cinematography,Cinema,Bundle,Strong Visual Effects,ci_in_bu_strong_visual_effects
Cinematography,Cinema,Bundle,Subdued Music,ci_in_bu_subdued_music
Cinematography,Cinema,Bundle,Surprising Visual Effects,ci_in_bu_surprising_visual_effects
Cinematography,Cinema,Bundle,Threatening / Ominous Music,ci_in_bu_threatening_ominous_music
Discrimination,Behavior,Bundle,Abuse of Disabled,di_be_bu_abuse_of_disabled
Discrimination,Behavior,Bundle,Agreeing With Historical Discrimination,di_be_bu_agreeing_with_historical_discrimination
Discrimination,Behavior,Bundle,By Main Character,di_be_bu_by_main_character
Discrimination,Behavior,Bundle,Consequences,di_be_bu_consequences
Discrimination,Behavior,Bundle,Disapproved by Main Character,di_be_bu_disapproved_by_main_character
Discrimination,Behavior,Bundle,Educational,di_be_bu_educational
Discrimination,Behavior,Bundle,Homophobia,di_be_bu_homophobia
Discrimination,Behavior,Bundle,In a Historical Work,di_be_bu_in_a_historical_work
Discrimination,Behavior,Bundle,Induces Fear,di_be_bu_induces_fear
Discrimination,Behavior,Bundle,Induces Hatred,di_be_bu_induces_hatred
Discrimination,Behavior,Bundle,Religious Discrimination,di_be_bu_religious_discrimination
Discrimination,Behavior,Bundle,Theme,di_be_bu_theme
Discrimination,Racism,Bundle,Agreeing With Historical Discrimination,di_ra_bu_agreeing_with_historical_discrimination
Discrimination,Racism,Bundle,By Main Character,di_ra_bu_by_main_character
Discrimination,Racism,Bundle,Consequences,di_ra_bu_consequences
Discrimination,Racism,Bundle,Disapproved by Main Character,di_ra_bu_disapproved_by_main_character
Discrimination,Racism,Bundle,Educational,di_ra_bu_educational
Discrimination,Racism,Bundle,In a Historical Work,di_ra_bu_in_a_historical_work
Discrimination,Racism,Bundle,Induces Fear,di_ra_bu_induces_fear
Discrimination,Racism,Bundle,Induces Hatred,di_ra_bu_induces_hatred
Discrimination,Racism,Bundle,Theme,di_ra_bu_theme
Discrimination,Sexism,Bundle,By Main Character,di_xi_bu_by_main_character
Discrimination,Sexism,Bundle,Consequences,di_xi_bu_consequences
Discrimination,Sexism,Bundle,Disapproved by Main Character,di_xi_bu_disapproved_by_main_character
Discrimination,Sexism,Bundle,Educational,di_xi_bu_educational
Discrimination,Sexism,Bundle,In a Historical Work,di_xi_bu_in_a_historical_work
Discrimination,Sexism,Bundle,Induces Fear,di_xi_bu_induces_fear
Discrimination,Sexism,Bundle,Induces Hatred,di_xi_bu_induces_hatred
Discrimination,Sexism,Bundle,Power Imbalance,di_xi_bu_power_imbalance
Discrimination,Sexism,Bundle,Theme,di_xi_bu_theme
Discrimination,Violence,Bundle,By Main Character,di_el_bu_by_main_character
Discrimination,Violence,Bundle,Educational,di_el_bu_educational
Discrimination,Violence,Bundle,Induces Fear,di_el_bu_induces_fear
Discrimination,Violence,Bundle,Induces Hatred,di_el_bu_induces_hatred
Discrimination,Violence,Bundle,Physical Attacks Implied,di_el_bu_physical_attacks_implied
Discrimination,Violence,Bundle,Physical Attacks Shown,di_el_bu_physical_attacks_shown
Discrimination,Violence,Bundle,Verbal Attacks Implied,di_el_bu_verbal_attacks_implied
Discrimination,Violence,Bundle,Verbal Attacks Shown,di_el_bu_verbal_attacks_shown
Discrimination,Violence,Bundle,Violence Against Minorities Implied,di_el_bu_violence_against_minorities_implied
Discrimination,Violence,Bundle,Violence Against Minorities Shown,di_el_bu_violence_against_minorities_shown
Discrimination,Behavior,Emotion,Hatred,di_be_em_hatred
Discrimination,Behavior,Emotion,Intolerance,di_be_em_intolerance
Discrimination,Behavior,Emotion,Ridicule,di_be_em_ridicule
Discrimination,Behavior,Emotion,Stereotyping,di_be_em_stereotyping
Discrimination,Racism,Racism,Racism,di_ra_si_racism
Discrimination,Racism,Racism,Xenophobia,di_ra_si_xenophobia
Discrimination,Sexism,Aggression,Biased,di_xi_ag_biased
Discrimination,Violence,Violence_Level,Death,di_el_lv_death
Discrimination,Violence,Violence_Level,Implied Violence,di_el_lv_implied_violence
Discrimination,Violence,Violence_Level,Violence With Blood,di_el_lv_violence_with_blood
Discrimination,Violence,Violence_Level,"Violence, No Blood",di_el_lv_violence_no_blood
Discrimination,Behavior,Realism,Animated,di_be_re_animated
Discrimination,Behavior,Realism,Fantasy,di_be_re_fantasy
Discrimination,Behavior,Realism,Realistic,di_be_re_realistic
Discrimination,Behavior,Realism,Unrealistic,di_be_re_unrealistic
Discrimination,Sexism,Detail,Detailed,di_xi_de_detailed
Discrimination,Sexism,Detail,Undetailed,di_xi_de_undetailed
Discrimination,Behavior,Justification,Justified,di_be_ju_justified
Discrimination,Behavior,Justification,Unjustified,di_be_ju_unjustified
Discrimination,Racism,Detail,Detailed,di_ra_de_detailed
Discrimination,Racism,Detail,Undetailed,di_ra_de_undetailed
Discrimination,Sexism,Realism,Animated,di_xi_re_animated
Discrimination,Sexism,Realism,Fantasy,di_xi_re_fantasy
Discrimination,Sexism,Realism,Realistic,di_xi_re_realistic
Discrimination,Sexism,Realism,Unrealistic,di_xi_re_unrealistic
Discrimination,Behavior,Aggression,Aggressive,di_be_ag_aggressive
Discrimination,Behavior,Aggression,Not aggressive,di_be_ag_not_aggressive
Discrimination,Racism,Realism,Animated,di_ra_re_animated
Discrimination,Racism,Realism,Fantasy,di_ra_re_fantasy
Discrimination,Racism,Realism,Realistic,di_ra_re_realistic
Discrimination,Racism,Realism,Unrealistic,di_ra_re_unrealistic
Discrimination,Sexism,Encouragement,Encouraged,di_xi_en_encouraged
Discrimination,Sexism,Encouragement,Explicitly Discouraged,di_xi_en_explicitly_discouraged
Discrimination,Sexism,Encouragement,Glamorized,di_xi_en_glamorized
Discrimination,Sexism,Encouragement,Implicitly Discouraged,di_xi_en_implicitly_discouraged
Discrimination,Sexism,Encouragement,Neutral,di_xi_en_neutral
Discrimination,Violence,Encouragement,Encouraged,di_el_en_encouraged
Discrimination,Violence,Encouragement,Glamorized,di_el_en_glamorized
Discrimination,Violence,Encouragement,Neutral,di_el_en_neutral
Discrimination,Behavior,Encouragement  ,Encouraged,di_be_en_encouraged
Discrimination,Behavior,Encouragement  ,Explicitly Discouraged,di_be_en_explicitly_discouraged
Discrimination,Behavior,Encouragement  ,Glamorized,di_be_en_glamorized
Discrimination,Behavior,Encouragement  ,Implicitly Discouraged,di_be_en_implicitly_discouraged
Discrimination,Behavior,Encouragement  ,Neutral,di_be_en_neutral
Discrimination,Racism,Encouragement  ,Encouraged,di_ra_en_encouraged
Discrimination,Racism,Encouragement  ,Explicitly Discouraged,di_ra_en_explicitly_discouraged
Discrimination,Racism,Encouragement  ,Glamorized,di_ra_en_glamorized
Discrimination,Racism,Encouragement  ,Implicitly Discouraged,di_ra_en_implicitly_discouraged
Discrimination,Racism,Encouragement  ,Neutral,di_ra_en_neutral
Horror,General,Bundle,Anxiety Producing Narrative,ho_ge_bu_anxiety_producing_narrative
Horror,General,Bundle,Dark Images,ho_ge_bu_dark_images
Horror,General,Bundle,Frightening to small children,ho_ge_bu_frightening_to_small_children
Horror,General,Bundle,Intense,ho_ge_bu_intense
Horror,General,Bundle,Mitigated by Humor,ho_ge_bu_mitigated_by_humor
Horror,General,Bundle,Music to Increase Tension,ho_ge_bu_music_to_increase_tension
Horror,General,Bundle,Music to Reduce Tension,ho_ge_bu_music_to_reduce_tension
Horror,General,Bundle,Psychological Horror,ho_ge_bu_psychological_horror
Horror,General,Bundle,References to frightening material,ho_ge_bu_references_to_frightening_material
Horror,General,Bundle,Scary Sound Effects,ho_ge_bu_scary_sound_effects
Horror,General,Bundle,Supernatural Content,ho_ge_bu_supernatural_content
Horror,General,Bundle,Suspenseful,ho_ge_bu_suspenseful
Horror,General,Bundle,Theme,ho_ge_bu_theme
Horror,Specific,Bundle,Characters Left Alone,ho_sp_bu_characters_left_alone
Horror,Specific,Bundle,Children Separated From Parents,ho_sp_bu_children_separated_from_parents
Horror,Specific,Bundle,Consequences,ho_sp_bu_consequences
Horror,Specific,Bundle,Death Accidental,ho_sp_bu_death_accidental
Horror,Specific,Bundle,Death Violent,ho_sp_bu_death_violent
Horror,Specific,Bundle,Lost Characters,ho_sp_bu_lost_characters
Horror,Specific,Bundle,Monsters,ho_sp_bu_monsters
Horror,Specific,Bundle,Mutilation Other,ho_sp_bu_mutilation_other
Horror,Specific,Bundle,Mutilation Self,ho_sp_bu_mutilation_self
Horror,Specific,Bundle,Occult Material,ho_sp_bu_occult_material
Horror,Specific,Bundle,Pursuit Scenes,ho_sp_bu_pursuit_scenes
Horror,Specific,Bundle,Scary Characters,ho_sp_bu_scary_characters
Horror,Specific,Bundle,Suffering,ho_sp_bu_suffering
Horror,Specific,Bundle,Supernatural Content,ho_sp_bu_supernatural_content
Horror,Specific,Bundle,The Dark,ho_sp_bu_the_dark
Horror,Specific,Bundle,Theme,ho_sp_bu_theme
Horror,Specific,Bundle,Transformation Scenes,ho_sp_bu_transformation_scenes
Horror,General,Emotion,Disturbing,ho_ge_em_disturbing
Horror,General,Emotion,Frightening,ho_ge_em_frightening
Horror,General,Emotion,Humorous,ho_ge_em_humorous
Horror,General,Emotion,Spooky,ho_ge_em_spooky
Horror,General,Emotion,Thrilling,ho_ge_em_thrilling
Horror,Specific,Images_of_Bodies,Corpses Decomposed,ho_sp_mp_corpses_decomposed
Horror,Specific,Images_of_Bodies,Corpses Mutilated,ho_sp_mp_corpses_mutilated
Horror,Specific,Images_of_Bodies,Corpses Not Mutilated,ho_sp_mp_corpses_not_mutilated
Horror,Specific,Images_of_Bodies,No Corpse,ho_sp_mp_no_corpse
Horror,General,Violence,No Violence,ho_ge_lv_no_violence
Horror,General,Violence,Sexualized Violence,ho_ge_lv_sexualized_violence
Horror,General,Violence,Violence,ho_ge_lv_violence
Horror,Specific,Afraid_Characters,Not Saved Frightened Characters,ho_sp_af_not_saved_frightened_characters
Horror,Specific,Afraid_Characters,Saved Frightened Characters,ho_sp_af_saved_frightened_characters
Horror,General,Duration,Long Scene,ho_ge_du_long_scene
Horror,General,Duration,Short Scene,ho_ge_du_short_scene
Horror,Specific,Duration,Short Scene,ho_sp_du_short_scene
Horror,General,SpecialEffect,Special Effects,ho_ge_ss_special_effects
Horror,Specific,SpecialEffect,Special Effects,ho_sp_ss_special_effects
Horror,General,Detail,Detailed,ho_ge_de_detailed
Horror,General,Detail,Undetailed,ho_ge_de_undetailed
Horror,Specific,Detail,Detailed,ho_sp_de_detailed
Horror,Specific,Detail,Undetailed,ho_sp_de_undetailed
Horror,General,Realism,Animated,ho_ge_re_animated
Horror,General,Realism,Fantasy,ho_ge_re_fantasy
Horror,General,Realism,Realistic,ho_ge_re_realistic
Horror,General,Realism,Unrealistic,ho_ge_re_unrealistic
Horror,Specific,Realism,Animated,ho_sp_re_animated
Horror,Specific,Realism,Fantasy,ho_sp_re_fantasy
Horror,Specific,Realism,Realistic,ho_sp_re_realistic
Horror,Specific,Realism,Unrealistic,ho_sp_re_unrealistic
Horror,General,Justification,Justified,ho_ge_ju_justified
Horror,General,Justification,Unjustified,ho_ge_ju_unjustified
Imitable Acts,Behavior,Bundle,Consequences,im_bh_bu_consequences
Imitable Acts,Behavior,Bundle,Educational,im_bh_bu_educational
Imitable Acts,Behavior,Bundle,Humiliation,im_bh_bu_humiliation
Imitable Acts,Behavior,Bundle,Instructional,im_bh_bu_instructional
Imitable Acts,Behavior,Bundle,Theme,im_bh_bu_theme
Imitable Acts,Criminality,Bundle,Consequences,im_cr_bu_consequences
Imitable Acts,Criminality,Bundle,Educational,im_cr_bu_educational
Imitable Acts,Criminality,Bundle,From Children,im_cr_bu_from_children
Imitable Acts,Criminality,Bundle,From Main Character,im_cr_bu_from_main_character
Imitable Acts,Criminality,Bundle,Theme,im_cr_bu_theme
Imitable Acts,Self-Harm,Bundle,Consequences,im_sh_bu_consequences
Imitable Acts,Self-Harm,Bundle,Educational,im_sh_bu_educational
Imitable Acts,Self-Harm,Bundle,Theme,im_sh_bu_theme
Imitable Acts,Terrorism,Bundle,Consequences,im_te_bu_consequences
Imitable Acts,Terrorism,Bundle,Educational,im_te_bu_educational
Imitable Acts,Terrorism,Bundle,Theme,im_te_bu_theme
Imitable Acts,Behavior,Action,Comedic,im_bh_ct_comedic
Imitable Acts,Behavior,Action,Dramatic Stunts,im_bh_ct_dramatic_stunts
Imitable Acts,Behavior,Action,Instructional Stunts,im_bh_ct_instructional_stunts
Imitable Acts,Criminality,Action,Expressed,im_cr_ct_expressed
Imitable Acts,Criminality,Action,Implied,im_cr_ct_implied
Imitable Acts,Criminality,Action,Instructional,im_cr_ct_instructional
Imitable Acts,Self-Harm,Action,Implied Self-Harm,im_sh_ct_implied_selfharm
Imitable Acts,Self-Harm,Action,Implied Suicide,im_sh_ct_implied_suicide
Imitable Acts,Self-Harm,Action,Results of Self-Harm,im_sh_ct_results_of_selfharm
Imitable Acts,Self-Harm,Action,Results of Suicide,im_sh_ct_results_of_suicide
Imitable Acts,Terrorism,Action,Expressed,im_te_ct_expressed
Imitable Acts,Terrorism,Action,Implied,im_te_ct_implied
Imitable Acts,Terrorism,Action,Instructional,im_te_ct_instructional
Imitable Acts,Behavior,Detail,Detailed,im_bh_de_detailed
Imitable Acts,Behavior,Detail,Undetailed,im_bh_de_undetailed
Imitable Acts,Criminality,Detail,Detailed,im_cr_de_detailed
Imitable Acts,Criminality,Detail,Undetailed,im_cr_de_undetailed
Imitable Acts,Self-Harm,Detail,Detailed,im_sh_de_detailed
Imitable Acts,Self-Harm,Detail,Undetailed,im_sh_de_undetailed
Imitable Acts,Terrorism,Detail,Detailed,im_te_de_detailed
Imitable Acts,Terrorism,Detail,Undetailed,im_te_de_undetailed
Imitable Acts,Behavior,Realism,Animated,im_bh_re_animated
Imitable Acts,Behavior,Realism,Realistic,im_bh_re_realistic
Imitable Acts,Behavior,Realism,Unrealistic,im_bh_re_unrealistic
Imitable Acts,Criminality,Realism,Animated,im_cr_re_animated
Imitable Acts,Criminality,Realism,Realistic,im_cr_re_realistic
Imitable Acts,Criminality,Realism,Unrealistic,im_cr_re_unrealistic
Imitable Acts,Self-Harm,Realism,Realistic,im_sh_re_realistic
Imitable Acts,Self-Harm,Realism,Unrealistic,im_sh_re_unrealistic
Imitable Acts,Terrorism,Realism,Realistic,im_te_re_realistic
Imitable Acts,Behavior,Encouragement,Encouraged,im_bh_en_encouraged
Imitable Acts,Behavior,Encouragement,Explicitly Discouraged,im_bh_en_explicitly_discouraged
Imitable Acts,Behavior,Encouragement,Glamorized,im_bh_en_glamorized
Imitable Acts,Behavior,Encouragement,Implicitly Discouraged,im_bh_en_implicitly_discouraged
Imitable Acts,Behavior,Encouragement,Neutral,im_bh_en_neutral
Imitable Acts,Criminality,Encouragement,Encouraged,im_cr_en_encouraged
Imitable Acts,Criminality,Encouragement,Explicitly Discouraged,im_cr_en_explicitly_discouraged
Imitable Acts,Criminality,Encouragement,Glamorized,im_cr_en_glamorized
Imitable Acts,Criminality,Encouragement,Implicitly Discouraged,im_cr_en_implicitly_discouraged
Imitable Acts,Criminality,Encouragement,Neutral,im_cr_en_neutral
Imitable Acts,Self-Harm,Encouragement,Encouraged,im_sh_en_encouraged
Imitable Acts,Self-Harm,Encouragement,Explicitly Discouraged,im_sh_en_explicitly_discouraged
Imitable Acts,Self-Harm,Encouragement,Glamorized,im_sh_en_glamorized
Imitable Acts,Self-Harm,Encouragement,Implicitly Discouraged,im_sh_en_implicitly_discouraged
Imitable Acts,Self-Harm,Encouragement,Neutral,im_sh_en_neutral
Imitable Acts,Terrorism,Encouragement,Encouraged,im_te_en_encouraged
Imitable Acts,Terrorism,Encouragement,Explicitly Discouraged,im_te_en_explicitly_discouraged
Imitable Acts,Terrorism,Encouragement,Glamorized,im_te_en_glamorized
Imitable Acts,Terrorism,Encouragement,Implicitly Discouraged,im_te_en_implicitly_discouraged
Imitable Acts,Terrorism,Encouragement,Neutral,im_te_en_neutral
LGBTQ Content,LGBTQ,Bundle,Theme,lg_gb_bu_theme
LGBTQ Content,LGBTQ,Action,Expressed,lg_gb_ct_expressed
LGBTQ Content,LGBTQ,Action,Image,lg_gb_ct_image
LGBTQ Content,LGBTQ,Action,Implied,lg_gb_ct_implied
LGBTQ Content,LGBTQ,Action,Relations,lg_gb_ct_relations
LGBTQ Content,LGBTQ,Sex,Foreplay,lg_gb_es_foreplay
LGBTQ Content,LGBTQ,Sex,Hugging,lg_gb_es_hugging
LGBTQ Content,LGBTQ,Sex,Kissing,lg_gb_es_kissing
LGBTQ Content,LGBTQ,Sex,Sex,lg_gb_es_sex
LGBTQ Content,LGBTQ,Detail,Undetailed,lg_gb_de_undetailed
LGBTQ Content,LGBTQ,Encouragement,Encouraged,lg_gb_en_encouraged
LGBTQ Content,LGBTQ,Encouragement,Glamorized,lg_gb_en_glamorized
Nudity,Nudity,Bundle,Educational,nu_ud_bu_educational
Nudity,Nudity,Bundle,Humiliation,nu_ud_bu_humiliation
Nudity,Nudity,Bundle,Nudity of Minors,nu_ud_bu_nudity_of_minors
Nudity,Nudity,Bundle,Revealing Clothes,nu_ud_bu_revealing_clothes
Nudity,Nudity,Gender,Female,nu_ud_gd_female
Nudity,Nudity,Gender,Male,nu_ud_gd_male
Nudity,Nudity,Exposure,Closeup,nu_ud_ex_closeup
Nudity,Nudity,Exposure,Full,nu_ud_ex_full
Nudity,Nudity,Exposure,Partial,nu_ud_ex_partial
Nudity,Nudity,Exposure,Veiled,nu_ud_ex_veiled
Nudity,Nudity,Location,Back,nu_ud_lo_back
Nudity,Nudity,Location,Front,nu_ud_lo_front
Nudity,Nudity,Location,Rear,nu_ud_lo_rear
Nudity,Nudity,Location,Side,nu_ud_lo_side
Nudity,Nudity,Presentation,Animated,nu_ud_tn_animated
Nudity,Nudity,Presentation,Artistic,nu_ud_tn_artistic
Nudity,Nudity,Presentation,Cultural,nu_ud_tn_cultural
Nudity,Nudity,Presentation,Realistic,nu_ud_tn_realistic
Nudity,Nudity,Presentation,Scientific,nu_ud_tn_scientific
Nudity,Nudity,Genitalia,Closeup Genitals,nu_ud_gd_closeup_genitals
Nudity,Nudity,Genitalia,Full Genitals,nu_ud_gd_full_genitals
Nudity,Nudity,Genitalia,No Genitals,nu_ud_gd_no_genitals
Nudity,Nudity,Genitalia,Partial Genitals,nu_ud_gd_partial_genitals
Nudity,Nudity,Sex,Non-sexual,nu_ud_es_nonsexual
Nudity,Nudity,Sex,Sexual,nu_ud_es_sexual
Nudity,Nudity,Detail,Detailed,nu_ud_de_detailed
Nudity,Nudity,Detail,Undetailed,nu_ud_de_undetailed
Nudity,Nudity,Duration,Long Scene,nu_ud_du_long_scene
Nudity,Nudity,Duration,Short Scene,nu_ud_du_short_scene
Nudity,Nudity,Justification,Justified,nu_ud_ju_justified
Politics & Morality,Negative,Bundle,Adult Life Minus Responsibilities,po_ne_bu_adult_life_minus_responsibilities
Politics & Morality,Negative,Bundle,Aggression Resulting in Success,po_ne_bu_aggression_resulting_in_success
Politics & Morality,Negative,Bundle,Antisocial Behavior,po_ne_bu_antisocial_behavior
Politics & Morality,Negative,Bundle,Degradation of Human Dignity,po_ne_bu_degradation_of_human_dignity
Politics & Morality,Negative,Bundle,Denies Family Values,po_ne_bu_denies_family_values
Politics & Morality,Negative,Bundle,Depravity,po_ne_bu_depravity
Politics & Morality,Negative,Bundle,Deviant Teachings,po_ne_bu_deviant_teachings
Politics & Morality,Negative,Bundle,Morally Reprehensible,po_ne_bu_morally_reprehensible
Politics & Morality,Negative,Bundle,Negative Stories of Children,po_ne_bu_negative_stories_of_children
Politics & Morality,Negative,Bundle,Promotes Conflict,po_ne_bu_promotes_conflict
Politics & Morality,Negative,Bundle,Scenes of Family Problems,po_ne_bu_scenes_of_family_problems
Politics & Morality,Negative,Bundle,Sympathy Towards Corruption,po_ne_bu_sympathy_towards_corruption
Politics & Morality,Negative,Bundle,Sympathy Towards Unethical Behavior,po_ne_bu_sympathy_towards_unethical_behavior
Politics & Morality,Negative,Bundle,Theme,po_ne_bu_theme
Politics & Morality,Negative,Bundle,Using Other People for Success,po_ne_bu_using_other_people_for_success
Politics & Morality,Negative,Bundle,Vulgarity,po_ne_bu_vulgarity
Politics & Morality,Political,Bundle,Colonialism / Imperialism,po_ol_bu_colonialism_imperialism
Politics & Morality,Political,Bundle,Communism,po_ol_bu_communism
Politics & Morality,Political,Bundle,Condemns Country,po_ol_bu_condemns_country
Politics & Morality,Political,Bundle,Contradicts Government Policies,po_ol_bu_contradicts_government_policies
Politics & Morality,Political,Bundle,Contrary to Rekun Negara (Malaysia),po_ol_bu_contrary_to_rekun_negara
Politics & Morality,Political,Bundle,Contrary to Resilience of Nations (Indonesia),po_ol_bu_contrary_to_resilience_of_nations
Politics & Morality,Political,Bundle,Extremism,po_ol_bu_extremism
Politics & Morality,Political,Bundle,Fanaticism,po_ol_bu_fanaticism
Politics & Morality,Political,Bundle,Fascism,po_ol_bu_fascism
Politics & Morality,Political,Bundle,Leninism,po_ol_bu_leninism
Politics & Morality,Political,Bundle,Maoism,po_ol_bu_maoism
Politics & Morality,Political,Bundle,Marxism,po_ol_bu_marxism
Politics & Morality,Political,Bundle,Misrepresents Country,po_ol_bu_misrepresents_country
Politics & Morality,Political,Bundle,Poor Perceptions of Population,po_ol_bu_poor_perceptions_of_population
Politics & Morality,Political,Bundle,Questions Integrity of Country,po_ol_bu_questions_integrity_of_country
Politics & Morality,Political,Bundle,Questions Sovereignty of Country,po_ol_bu_questions_sovereignty_of_country
Politics & Morality,Political,Bundle,Strains Country Relations,po_ol_bu_strains_country_relations
Politics & Morality,Positive,Bundle,Curiosity,po_ve_bu_curiosity
Politics & Morality,Positive,Bundle,Emotional Stability,po_ve_bu_emotional_stability
Politics & Morality,Positive,Bundle,Family Bonding,po_ve_bu_family_bonding
Politics & Morality,Positive,Bundle,Imagination,po_ve_bu_imagination
Politics & Morality,Positive,Bundle,Importance of Community,po_ve_bu_importance_of_community
Politics & Morality,Positive,Bundle,Morals about good and evil,po_ve_bu_morals_about_good_and_evil
Politics & Morality,Positive,Bundle,Positive View of the World,po_ve_bu_positive_view_of_the_world
Politics & Morality,Positive,Bundle,Pro-Social Attitudes ,po_ve_bu_prosocial_attitudes
Politics & Morality,Positive,Bundle,Respect for Elders,po_ve_bu_respect_for_elders
Politics & Morality,Specific,Bundle,Begging,po_sc_bu_begging
Politics & Morality,Specific,Bundle,Casual Gambling,po_sc_bu_casual_gambling
Politics & Morality,Specific,Bundle,Child Trafficking,po_sc_bu_child_trafficking
Politics & Morality,Specific,Bundle,Gang Expression,po_sc_bu_gang_expression
Politics & Morality,Specific,Bundle,Gang Glorification,po_sc_bu_gang_glorification
Politics & Morality,Specific,Bundle,Gang Promotion,po_sc_bu_gang_promotion
Politics & Morality,Specific,Bundle,Gang Rituals,po_sc_bu_gang_rituals
Politics & Morality,Specific,Bundle,Gang themes,po_sc_bu_gang_themes
Politics & Morality,Specific,Bundle,High Stakes Gambling,po_sc_bu_high_stakes_gambling
Politics & Morality,Specific,Bundle,Prostitution,po_sc_bu_prostitution
Politics & Morality,Specific,Bundle,Sexual Promiscuity,po_sc_bu_sexual_promiscuity
Politics & Morality,Specific,Bundle,Vagrancy,po_sc_bu_vagrancy
Politics & Morality,Negative,Society,Discourages Good Customs,po_ne_so_discourages_good_customs
Politics & Morality,Negative,Society,Harmful to Public Manners,po_ne_so_harmful_to_public_manners
Politics & Morality,Negative,Society,Threatens Public Order,po_ne_so_threatens_public_order
Politics & Morality,Political,Justification,Justified,po_ol_ju_justified
Politics & Morality,Positive,Object,Community,po_ve_ob_community
Politics & Morality,Negative,Character,From Heroic or Attractive Characters,po_ne_ch_from_heroic_or_attractive_characters
Politics & Morality,Political,Consequence,No Consequences,po_ol_co_no_consequences
Politics & Morality,Political,Consequence,With Consequences,po_ol_co_with_consequences
Politics & Morality,Specific,Consequence,With Consequences,po_sc_co_with_consequences
Politics & Morality,Negative,Encouragement,Encouraged,po_ne_en_encouraged
Politics & Morality,Negative,Encouragement,Explicitly Discouraged,po_ne_en_explicitly_discouraged
Politics & Morality,Negative,Encouragement,Glamorized,po_ne_en_glamorized
Politics & Morality,Negative,Encouragement,Implicitly Discouraged,po_ne_en_implicitly_discouraged
Politics & Morality,Negative,Encouragement,Neutral,po_ne_en_neutral
Politics & Morality,Political,Encouragement,Encouraged,po_ol_en_encouraged
Politics & Morality,Political,Encouragement,Explicitly Discouraged,po_ol_en_explicitly_discouraged
Politics & Morality,Political,Encouragement,Implicitly Discouraged,po_ol_en_implicitly_discouraged
Politics & Morality,Political,Encouragement,Neutral,po_ol_en_neutral
Politics & Morality,Specific,Encouragement,Encouraged,po_sc_en_encouraged
Politics & Morality,Specific,Encouragement,Explicitly Discouraged,po_sc_en_explicitly_discouraged
Politics & Morality,Specific,Encouragement,Glamorized,po_sc_en_glamorized
Politics & Morality,Negative,Consequence,No Consequences,po_ne_co_no_consequences
Politics & Morality,Specific,Accuracy,Ahistorical,po_sc_ct_ahistorical
Politics & Morality,Specific,Accuracy,Anti-Science,po_sc_ct_antiscience
Politics & Morality,Specific,Accuracy,Defamation,po_sc_ct_defamation
Profanity,Profanity,Bundle,Ass,pr_fn_bu_ass
Profanity,Profanity,Bundle,Asshole,pr_fn_bu_asshole
Profanity,Profanity,Bundle,Ballsy,pr_fn_bu_ballsy
Profanity,Profanity,Bundle,Bastard,pr_fn_bu_bastard
Profanity,Profanity,Bundle,Bitch,pr_fn_bu_bitch
Profanity,Profanity,Bundle,Boobs,pr_fn_bu_boobs
Profanity,Profanity,Bundle,Bullshit,pr_fn_bu_bullshit
Profanity,Profanity,Bundle,Cocksucker,pr_fn_bu_cocksucker
Profanity,Profanity,Bundle,Crap,pr_fn_bu_crap
Profanity,Profanity,Bundle,Crappy,pr_fn_bu_crappy
Profanity,Profanity,Bundle,Cunt,pr_fn_bu_cunt
Profanity,Profanity,Bundle,Damn,pr_fn_bu_damn
Profanity,Profanity,Bundle,Damnit,pr_fn_bu_damnit
Profanity,Profanity,Bundle,Dick,pr_fn_bu_dick
Profanity,Profanity,Bundle,Dickhead,pr_fn_bu_dickhead
Profanity,Profanity,Bundle,F-Word,pr_fn_bu_fword
Profanity,Profanity,Bundle,Faggot,pr_fn_bu_faggot
Profanity,Profanity,Bundle,Motherfucker,pr_fn_bu_motherfucker
Profanity,Profanity,Bundle,Niggas,pr_fn_bu_niggas
Profanity,Profanity,Bundle,Other,pr_fn_bu_other
Profanity,Profanity,Bundle,Piss,pr_fn_bu_piss
Profanity,Profanity,Bundle,Prick,pr_fn_bu_prick
Profanity,Profanity,Bundle,Pussy,pr_fn_bu_pussy
Profanity,Profanity,Bundle,Screw,pr_fn_bu_screw
Profanity,Profanity,Bundle,Shit,pr_fn_bu_shit
Profanity,Profanity,Bundle,Shitty,pr_fn_bu_shitty
Profanity,Profanity,Bundle,Slut,pr_fn_bu_slut
Profanity,Profanity,Bundle,Sucks,pr_fn_bu_sucks
Profanity,Profanity,Bundle,Tits,pr_fn_bu_tits
Profanity,Profanity,Bundle,Twat,pr_fn_bu_twat
Profanity,Profanity,Bundle,Whore,pr_fn_bu_whore
Profanity,Profanity,Expression,Gestured,pr_fn_ss_gestured
Profanity,Profanity,Expression,Spoken,pr_fn_ss_spoken
Profanity,Profanity,Expression,Written,pr_fn_ss_written
Profanity,Profanity,Speech_Expression,Bleeped,pr_fn_ss_bleeped
Profanity,Profanity,Speech_Expression,Inaudible,pr_fn_ss_inaudible
Profanity,Profanity,Speech_Expression,Partially Bleeped,pr_fn_ss_partially_bleeped
Profanity,Profanity,Speech_Expression,Uncensored,pr_fn_ss_uncensored
Profanity,Profanity,Tone,Crude,pr_fn_to_crude
Profanity,Profanity,Tone,Humorous,pr_fn_to_humorous
Profanity,Profanity,Tone,Slang,pr_fn_to_slang
Profanity,Profanity,Emotion,Anger,pr_fn_em_anger
Profanity,Profanity,Sex,Non-Sexual,pr_fn_es_nonsexual
Profanity,Profanity,Sex,Sexual,pr_fn_es_sexual
Profanity,Profanity,Aggression,Aggressive,pr_fn_ag_aggressive
Profanity,Profanity,Aggression,Non-Aggressive,pr_fn_ag_nonaggressive
Sexuality,Dialogue,Bundle,Abortion References,se_ia_bu_abortion_references
Sexuality,Dialogue,Bundle,Comedic,se_ia_bu_comedic
Sexuality,Dialogue,Bundle,Educational,se_ia_bu_educational
Sexuality,Dialogue,Bundle,Humiliating,se_ia_bu_humiliating
Sexuality,Dialogue,Bundle,Implying Sex,se_ia_bu_implying_sex
Sexuality,Dialogue,Bundle,Pregnancy References,se_ia_bu_pregnancy_references
Sexuality,Dialogue,Bundle,Sexual References,se_ia_bu_sexual_references
Sexuality,Dialogue,Bundle,Stimulating,se_ia_bu_stimulating
Sexuality,Dialogue,Bundle,Theme,se_ia_bu_theme
Sexuality,General,Bundle,Artistic Value,se_gn_bu_artistic_value
Sexuality,General,Bundle,Comedic,se_gn_bu_comedic
Sexuality,General,Bundle,Crude,se_gn_bu_crude
Sexuality,General,Bundle,Educational,se_gn_bu_educational
Sexuality,General,Bundle,Important to Story,se_gn_bu_important_to_story
Sexuality,General,Bundle,Provocative,se_gn_bu_provocative
Sexuality,General,Bundle,Purely for Gratification,se_gn_bu_purely_for_gratification
Sexuality,General,Bundle,Romantic,se_gn_bu_romantic
Sexuality,General,Bundle,Theme,se_gn_bu_theme
Sexuality,Specific,Bundle,Bestiality,se_sf_bu_bestiality
Sexuality,Specific,Bundle,Childbirth,se_sf_bu_childbirth
Sexuality,Specific,Bundle,Comedic,se_sf_bu_comedic
Sexuality,Specific,Bundle,Consequences,se_sf_bu_consequences
Sexuality,Specific,Bundle,Contraceptive Misuse,se_sf_bu_contraceptive_misuse
Sexuality,Specific,Bundle,Group Sex,se_sf_bu_group_sex
Sexuality,Specific,Bundle,Incest,se_sf_bu_incest
Sexuality,Specific,Bundle,Necrophilia,se_sf_bu_necrophilia
Sexuality,Specific,Bundle,Oral Sex,se_sf_bu_oral_sex
Sexuality,Specific,Bundle,Promiscuity,se_sf_bu_promiscuity
Sexuality,Specific,Bundle,Prostitution,se_sf_bu_prostitution
Sexuality,Specific,Bundle,Sex As a Moral Success,se_sf_bu_sex_as_a_moral_success
Sexuality,Specific,Bundle,Sex Toys,se_sf_bu_sex_toys
Sexuality,Specific,Bundle,Theme,se_sf_bu_theme
Sexuality,Dialogue,Speech_Expression,Gesture,se_ia_ss_gesture
Sexuality,Dialogue,Speech_Expression,Spoken,se_ia_ss_spoken
Sexuality,Dialogue,Speech_Expression,Sung,se_ia_ss_sung
Sexuality,Dialogue,Speech_Expression,Written,se_ia_ss_written
Sexuality,General,Action,Foreplay,se_gn_ct_foreplay
Sexuality,General,Action,Hugging,se_gn_ct_hugging
Sexuality,General,Action,Image,se_gn_ct_image
Sexuality,General,Action,Implied Sex,se_gn_ct_implied_sex
Sexuality,General,Action,Kissing,se_gn_ct_kissing
Sexuality,General,Action,Sex,se_gn_ct_sex
Sexuality,Specific,Action,Foreplay,se_sf_ct_foreplay
Sexuality,Specific,Action,Sex,se_sf_ct_sex
Sexuality,Dialogue,Vulgarity,Not Vulgar,se_ia_vu_not_vulgar
Sexuality,Dialogue,Vulgarity,Vulgar,se_ia_vu_vulgar
Sexuality,General,Presentation,Closeup,se_gn_tn_closeup
Sexuality,General,Presentation,Veiled,se_gn_tn_veiled
Sexuality,General,Presentation,Visible,se_gn_tn_visible
Sexuality,Specific,Perversion,Bondage,se_sf_pe_bondage
Sexuality,Specific,Perversion,Demeaning,se_sf_pe_demeaning
Sexuality,Specific,Perversion,Domination,se_sf_pe_domination
Sexuality,Specific,Perversion,Exploiting,se_sf_pe_exploiting
Sexuality,Specific,Perversion,No Fetish,se_sf_pe_no_fetish
Sexuality,Specific,Perversion,Violence,se_sf_pe_violence
Sexuality,Dialogue,Duration,Long Scene,se_ia_du_long_scene
Sexuality,Dialogue,Duration,Short Scene,se_ia_du_short_scene
Sexuality,General,Adult_Minor,Adults & Minors,se_gn_ad_adults_minors
Sexuality,General,Adult_Minor,Animals,se_gn_ad_animals
Sexuality,General,Adult_Minor,Minors,se_gn_ad_minors
Sexuality,Specific,Masturbation,Detailed,se_sf_ma_detailed
Sexuality,Specific,Masturbation,Implied,se_sf_ma_implied
Sexuality,Specific,Masturbation,Non-Explicit,se_sf_ma_nonexplicit
Sexuality,Dialogue,Detail,Detailed,se_ia_de_detailed
Sexuality,Dialogue,Detail,Undetailed,se_ia_de_undetailed
Sexuality,General,Realism,Animated,se_gn_re_animated
Sexuality,General,Realism,Fantasy,se_gn_re_fantasy
Sexuality,General,Realism,Realistic,se_gn_re_realistic
Sexuality,General,Realism,Unrealistic,se_gn_re_unrealistic
Sexuality,Specific,Presentation,Closeup,se_sf_tn_closeup
Sexuality,Specific,Presentation,Veiled,se_sf_tn_veiled
Sexuality,Specific,Presentation,Visible,se_sf_tn_visible
Sexuality,Dialogue,Justification,Justified,se_ia_ju_justified
Sexuality,General,Aggression,Aggressive,se_gn_ag_aggressive
Sexuality,General,Aggression,Non-Aggressive,se_gn_ag_nonaggressive
Sexuality,Specific,Adult_Minor,Adults & Minors,se_sf_ad_adults_minors
Sexuality,Specific,Adult_Minor,Minors,se_sf_ad_minors
Sexuality,General,Duration,Long Scene,se_gn_du_long_scene
Sexuality,General,Duration,Short Scene,se_gn_du_short_scene
Sexuality,Specific,Realism,Realistic,se_sf_re_realistic
Sexuality,General,Detail,Detailed,se_gn_de_detailed
Sexuality,General,Detail,Undetailed,se_gn_de_undetailed
Sexuality,Specific,Duration,Long Scene,se_sf_du_long_scene
Sexuality,Specific,Duration,Short Scene,se_sf_du_short_scene
Themes & Genre,Genre,Bundle,Anti-Drug,th_gr_bu_antidrug
Themes & Genre,Genre,Bundle,Dark Atmosphere,th_gr_bu_dark_atmosphere
Themes & Genre,Genre,Bundle,High Intensity,th_gr_bu_high_intensity
Themes & Genre,Genre,Bundle,Horror,th_gr_bu_horror
Themes & Genre,Genre,Animation,Animated for Adults,th_gr_an_animated_for_adults
Themes & Genre,Genre,Animation,Animated for Children,th_gr_an_animated_for_children
Themes & Genre,Genre,Tone,Comedic,th_gr_to_comedic
Themes & Genre,Genre,Tone,Dramatic,th_gr_to_dramatic
Themes & Genre,Genre,Realism,Comic Book,th_gr_re_comic_book
Themes & Genre,Genre,Realism,Fantasy,th_gr_re_fantasy
Themes & Genre,Genre,Realism,Sci-Fi,th_gr_re_scifi
Themes & Genre,Genre,Plot,Complicated Narrative,th_gr_pl_complicated_narrative
Themes & Genre,Genre,Plot,Easy Narrative,th_gr_pl_easy_narrative
Themes & Genre,Genre,Plot,Twisting Narrative,th_gr_pl_twisting_narrative
Violence,Non-physical,Bundle,Accident,vi_no_bu_accident
Violence,Non-physical,Bundle,Consequences,vi_no_bu_consequences
Violence,Non-physical,Bundle,Disease,vi_no_bu_disease
Violence,Non-physical,Bundle,Gossip,vi_no_bu_gossip
Violence,Non-physical,Bundle,Humiliation,vi_no_bu_humiliation
Violence,Non-physical,Bundle,Intense Anger,vi_no_bu_intense_anger
Violence,Non-physical,Bundle,Intense Grief,vi_no_bu_intense_grief
Violence,Non-physical,Bundle,Involves Animal,vi_no_bu_involves_animal
Violence,Non-physical,Bundle,Medical Care,vi_no_bu_medical_care
Violence,Non-physical,Bundle,Results of Physical Violence,vi_no_bu_results_of_physical_violence
Violence,Non-physical,Bundle,Theme,vi_no_bu_theme
Violence,Non-physical,Bundle,Threats,vi_no_bu_threats
Violence,Non-physical,Bundle,Yelling,vi_no_bu_yelling
Violence,Physical,Bundle,Broken Bones,vi_ph_bu_broken_bones
Violence,Physical,Bundle,Bruises,vi_ph_bu_bruises
Violence,Physical,Bundle,Consequences,vi_ph_bu_consequences
Violence,Physical,Bundle,Dismemberment,vi_ph_bu_dismemberment
Violence,Physical,Bundle,Educational,vi_ph_bu_educational
Violence,Physical,Bundle,Gun Weapons,vi_ph_bu_gun_weapons
Violence,Physical,Bundle,Involves Animal,vi_ph_bu_involves_animal
Violence,Physical,Bundle,Martial Arts,vi_ph_bu_martial_arts
Violence,Physical,Bundle,Stabbing Weapons,vi_ph_bu_stabbing_weapons
Violence,Physical,Bundle,Theme,vi_ph_bu_theme
Violence,Sexual,Bundle,Against Vulnerable,vi_sx_bu_against_vulnerable
Violence,Sexual,Bundle,Coerced,vi_sx_bu_coerced
Violence,Sexual,Bundle,Consequences,vi_sx_bu_consequences
Violence,Sexual,Bundle,Power Imbalance,vi_sx_bu_power_imbalance
Violence,Sexual,Bundle,Theme,vi_sx_bu_theme
Violence,Non-physical,Action,Emotional Violence,vi_no_ct_emotional_violence
Violence,Non-physical,Action,Narration or Storytelling,vi_no_ct_narration_or_storytelling
Violence,Non-physical,Action,Verbal Abuse,vi_no_ct_verbal_abuse
Violence,Physical,Action,Abuse,vi_ph_ct_abuse
Violence,Physical,Action,Accidents,vi_ph_ct_accidents
Violence,Physical,Action,Competition,vi_ph_ct_competition
Violence,Physical,Action,Destruction,vi_ph_ct_destruction
Violence,Physical,Action,Fight Scenes,vi_ph_ct_fight_scenes
Violence,Physical,Action,Torture,vi_ph_ct_torture
Violence,Sexual,Action,Aftermath,vi_sx_ct_aftermath
Violence,Sexual,Action,Event,vi_sx_ct_event
Violence,Sexual,Action,Lead Up,vi_sx_ct_lead_up
Violence,Sexual,Action,Legal Scenes,vi_sx_ct_legal_scenes
Violence,Non-physical,Justification,Justified,vi_no_ju_justified
Violence,Non-physical,Justification,Unjustified,vi_no_ju_unjustified
Violence,Physical,Realism,Animated,vi_ph_re_animated
Violence,Physical,Realism,Fantasy,vi_ph_re_fantasy
Violence,Physical,Realism,Realistic,vi_ph_re_realistic
Violence,Physical,Realism,Unrealistic,vi_ph_re_unrealistic
Violence,Sexual,Realism,Animated,vi_sx_re_animated
Violence,Sexual,Realism,Realistic,vi_sx_re_realistic
Violence,Non-physical,Encouragement,Encouraged,vi_no_en_encouraged
Violence,Non-physical,Encouragement,Explicitly Discouraged,vi_no_en_explicitly_discouraged
Violence,Non-physical,Encouragement,Glamorized,vi_no_en_glamorized
Violence,Non-physical,Encouragement,Implicitly Discouraged,vi_no_en_implicitly_discouraged
Violence,Non-physical,Encouragement,Neutral,vi_no_en_neutral
Violence,Physical,Justification,Justified,vi_ph_ju_justified
Violence,Physical,Justification,Unjustified,vi_ph_ju_unjustified
Violence,Sexual,Justification,Justified,vi_sx_ju_justified
Violence,Sexual,Justification,Unjustified,vi_sx_ju_unjustified
Violence,Physical,Encouragement,Encouraged,vi_ph_en_encouraged
Violence,Physical,Encouragement,Explicitly Discouraged,vi_ph_en_explicitly_discouraged
Violence,Physical,Encouragement,Glamorized,vi_ph_en_glamorized
Violence,Physical,Encouragement,Implicitly Discouraged,vi_ph_en_implicitly_discouraged
Violence,Physical,Encouragement,Neutral,vi_ph_en_neutral
Violence,Sexual,Encouragement,Encouraged,vi_sx_en_encouraged
Violence,Sexual,Encouragement,Explicitly Discouraged,vi_sx_en_explicitly_discouraged
Violence,Sexual,Encouragement,Glamorized,vi_sx_en_glamorized
Violence,Sexual,Encouragement,Implicitly Discouraged,vi_sx_en_implicitly_discouraged
Violence,Sexual,Encouragement,Neutral,vi_sx_en_neutral
Violence,Non-physical,Gore,Blood & Gore,vi_no_go_blood_gore
Violence,Non-physical,Gore,Gore,vi_no_go_gore
Violence,Non-physical,Gore,No Blood,vi_no_go_no_blood
Violence,Non-physical,Gore,Significant Blood,vi_no_go_significant_blood
Violence,Non-physical,Gore,Some Blood,vi_no_go_some_blood
Violence,Physical,Gore,Blood & Gore,vi_ph_go_blood_gore
Violence,Physical,Gore,Gore,vi_ph_go_gore
Violence,Physical,Gore,No Blood,vi_ph_go_no_blood
Violence,Physical,Gore,Significant Blood,vi_ph_go_significant_blood
Violence,Physical,Gore,Some Blood,vi_ph_go_some_blood
Violence,Sexual,Explicitness,Discussed,vi_sx_ex_discussed
Violence,Sexual,Explicitness,Explicitly Shown,vi_sx_ex_explicitly_shown
Violence,Sexual,Explicitness,Implied,vi_sx_ex_implied
Violence,Sexual,Explicitness,Shown,vi_sx_ex_shown
Violence,Non-physical,Weapon,Weapons Shown,vi_no_we_weapons_shown
Violence,Non-physical,Weapon,Weapons Use,vi_no_we_weapons_use
Violence,Physical,Weapon,No Weapons,vi_ph_we_no_weapons
Violence,Physical,Weapon,Weapons Shown,vi_ph_we_weapons_shown
Violence,Physical,Weapon,Weapons Use,vi_ph_we_weapons_use
Violence,Sexual,Violence,With Violence,vi_sx_lv_with_violence
Violence,Sexual,Violence,Without Violence,vi_sx_lv_without_violence
Violence,Non-physical,Consciousness,Dead,vi_no_co_dead
Violence,Physical,Injury,Injuries Visible,vi_ph_ur_injuries_visible
Violence,Physical,Injury,No Injuries Visible,vi_ph_ur_no_injuries_visible
Violence,Sexual,Gore,No Blood,vi_sx_go_no_blood
Violence,Sexual,Gore,Some Blood,vi_sx_go_some_blood
Violence,Non-physical,Sex,Sexualized,vi_no_es_sexualized
Violence,Physical,Consciousness,Conscious,vi_ph_co_conscious
Violence,Physical,Consciousness,Dead,vi_ph_co_dead
Violence,Physical,Consciousness,Uncertain Victim State,vi_ph_co_uncertain_victim_state
Violence,Physical,Consciousness,Unconscious,vi_ph_co_unconscious
Violence,Non-physical,Duration,Long Scene,vi_no_du_long_scene
Violence,Non-physical,Duration,Short Scene,vi_no_du_short_scene
Violence,Physical,Sex,Non-Sexualized,vi_ph_es_nonsexualized
Violence,Physical,Sex,Sexualized,vi_ph_es_sexualized
Violence,Sexual,Injury,No Injuries Visible,vi_sx_ur_no_injuries_visible
Violence,Physical,Duration,Long Scene,vi_ph_du_long_scene
Violence,Physical,Duration,Short Scene,vi_ph_du_short_scene
Violence,Non-physical,Detail,Detailed,vi_no_de_detailed
Violence,Non-physical,Detail,Undetailed,vi_no_de_undetailed
Violence,Physical,SpecialEffect,Special Effects,vi_ph_ss_special_effects
Violence,Sexual,Duration,Long Scene,vi_sx_du_long_scene
Violence,Sexual,Duration,Short Scene,vi_sx_du_short_scene
Violence,Non-physical,Realism,Animated,vi_no_re_animated
Violence,Non-physical,Realism,Fantasy,vi_no_re_fantasy
Violence,Non-physical,Realism,Realistic,vi_no_re_realistic
Violence,Non-physical,Realism,Unrealistic,vi_no_re_unrealistic
Violence,Physical,Detail,Detailed,vi_ph_de_detailed
Violence,Physical,Detail,Undetailed,vi_ph_de_undetailed
