[
{
"Profanity": [
{
"Label": "Fuck",
"Context": "f*cking|fucking|Fuck|fuck|F**k|F*ck|F***",
"Required": true
},
{
"Label": "Shit",
"Context": "Shithead|Shitty|Shit|sh*t",
"Required": true
},
{
"Label": "Asshole",
"Context": "Asshole|a**hole",
"Required": true
},
{
"Label": "Ass",
"Context": "Ass|ass",
"Required": true
},
{
"Label": "Bastard",
"Context": "Bastard",
"Required": true
},
{
"Label": "Ballsy",
"Context": "Ballsy",
"Required": true
},
{
"Label": "Bitch",
"Context": "Bitch",
"Required": true
},
{
"Label": "Boobs",
"Context": "Boobs|Booby",
"Required": true
},
{
"Label": "Bullshit",
"Context": "Bullshit",
"Required": true
},
{
"Label": "Cock",
"Context": "Cocksucker|cock",
"Required": true
},
{
"Label": "Crap",
"Context": "Crappy,Crap",
"Required": true
},
{
"Label": "Damn",
"Context": "Damnit|Damn",
"Required": true
},
{
"Label": "Cunt",
"Context": "Cunt|c**t",
"Required": true
},
{
"Label": "Piss",
"Context": "Piss",
"Required": true
},
{
"Label": "Prick",
"Context": "Prick",
"Required": true
},
{
"Label": "Slut",
"Context": "Slutty|Slut",
"Required": true
},
{
"Label": "Suck",
"Context": "Sucking|Suck",
"Required": true
},
{
"Label": "Screw",
"Context": "Screw",
"Required": true
},
{
"Label": "Tits",
"Context": "Tits",
"Required": true
},
{
"Label": "Twat",
"Context": "Twat",
"Required": true
},
{
"Label": "Whore",
"Context": "Whore",
"Required": true
},
{
"Label": "Tits",
"Context": "Tits",
"Required": true
},
{
"Label": "Dick",
"Context": "Dickhead|Dick",
"Required": true
},
{
"Label": "Faggot",
"Context": "Faggot",
"Required": true
},
{
"Label": "Niggas",
"Context": "Niggas|Nigger|Nigga",
"Required": true
},
{
"Label": "Lick",
"Context": "lick my balls",
"Required": true
}
]
},
{
"Blasphemy": [
{
"Label": "God Damn",
"Context" : "God Damn|god damn",
"Required": true
},
{
"Label": "For God Sake",
"Context" : "For God's Sake|For god Sake",
"Required": true
},
{
"Label": "For Christ's Sake",
"Context" : "For Christ's Sake|Christ|For Christ Sake",
"Required": true
},
{
"Label": "OMG",
"Context" : "OMG|O M G|Oh My God|My God",
"Required": true
},
{
"Label": "Swear to God",
"Context" : "Swear to God",
"Required": true
},
{
"Label": "Jesus",
"Context" : "Sweet Jesus|Jesus Christ",
"Required": true
},
{
"Label": "Oh Lord",
"Context" : "Oh Lord|Oh my Lord",
"Required": true
},
{
"Label": "Jesus",
"Context" : "Sweet Jesus|Jesus Christ|Fucking Jesus",
"Required": true
},
{
"Label": "Holy",
"Context" : "Holy Crap|Holy Shit|Holy Cow|Holy balls",
"Required": true
},
{
"Label": "Hell",
"Context" : "Hell",
"Required": true
},
{
"Label": "Hail Satan",
"Context" : "Hail Satan",
"Required": true
}
]
}
]