text,start,end,word,pred
"That bastard!
Claire wanted to scream.","00:00:55,797","00:00:58,277",Bastard,Profanity
"Marty honey, dinner.","00:00:59,334","00:01:01,644",,
"I'm sick
of this crap.","00:01:08,443","00:01:10,514",,
<i>His legs?</i>,"00:01:41,643","00:01:42,917",,
<i>That seemed to piss her off.</i>,"00:01:47,849","00:01:49,487",Piss,Profanity
"And he ate me out
for an hour.","00:01:52,520","00:01:54,466",,
"Lisa, you know,","00:01:55,590","00:01:57,399",,
"it's all about attitude.
If you want it, you can get it.","00:01:57,459","00:02:00,235",,
"You just got to get
your fuckin' ass on the beach.","00:02:00,295","00:02:02,639","Fuck,Ass","Profanity,Profanity"
"- Work for it.
- Whatever.","00:02:03,698","00:02:06,201",,
"Excuse me,
sandwich boy?","00:02:25,020","00:02:26,624",,
"Aren't you supposed
to wear gloves,","00:02:26,688","00:02:28,497",,
"'cause I don't know
where those hands have been.","00:02:28,556","00:02:32,003",,
"Fuckin' pigs, man!","00:02:38,199","00:02:40,475",Fuck,Profanity
"- My name's Marty, what's yours?
- Just give me the sub, asshole.","00:02:42,804","00:02:45,284","Asshole,Ass","Profanity,Profanity"
"Ask the bitches to meet us,
fuckhole! We'll party.","00:02:45,340","00:02:48,412","Fuck,Bitch","Profanity,Profanity"
"We're going surfing, at 3:00.","00:02:48,476","00:02:52,185",,
"If you want to meet us
at North Beach.","00:02:52,247","00:02:54,386",,
Maybe we'll think about it.,"00:02:57,686","00:02:59,688",,
"Great, babe,
you can be my date.","00:02:59,754","00:03:02,132",,
"My friend here
will take that one.","00:03:02,190","00:03:03,533",,
"Hey, fuck you, man.","00:03:03,591","00:03:05,036",Fuck,Profanity
"- Those guys were fine.
- He was making fun of me.","00:03:19,574","00:03:22,714",,
"No shit. He was just being
an asshole. Guys are like that.","00:03:22,777","00:03:26,020","Shit,Asshole,Ass","Profanity,Profanity,Profanity"
"But the other one,
the shorter one--","00:03:26,081","00:03:28,027",,
"- The cute one.
- Yeah, Marty.","00:03:28,083","00:03:29,824",,
"He acted like
he wanted to meet you.","00:03:29,884","00:03:31,864",,
"- Meet you, you mean.
- No, his buddy's got dibs on me.","00:03:31,920","00:03:35,129",,
His buddy's the boss.,"00:03:35,190","00:03:36,828",,
"I've never been
around such a hunk.","00:03:36,891","00:03:38,529",,
Oh!,"00:03:38,593","00:03:39,537",,
"- Cute butt.
- Yeah.","00:03:52,607","00:03:54,678",,
"He's sweet.
The other one's an asshole.","00:03:55,810","00:03:58,814","Asshole,Ass","Profanity,Profanity"
You wanna go to a party?,"00:04:12,727","00:04:14,172",,
Sure.,"00:04:16,431","00:04:17,432",,
"- You're a pretty hot surfer.
- Thanks.","00:04:22,670","00:04:25,116",,
You could go pro.,"00:04:25,173","00:04:26,709",,
"What planet
are you living on?","00:04:28,443","00:04:30,582",,
"Earth, fucker!","00:04:30,645","00:04:31,817",Fuck,Profanity
"Compared to you,
he's fuckin' Kobe Bryant.","00:04:31,880","00:04:34,918",Fuck,Profanity
"- What do you guys want?
- Go get a bottle of tequila.","00:04:50,498","00:04:53,672",,
"Can you give me some money?
I only got six bucks.","00:04:53,735","00:04:56,341",,
"What was that, boy?","00:04:56,404","00:04:57,439",,
"Was it ""Yes sir, boss. I'll buy
that booze for you now?""","00:04:57,505","00:05:00,452",,
"What I thought, bitch!","00:05:02,710","00:05:04,212",Bitch,Profanity
You're an asshole.,"00:05:09,517","00:05:11,724","Asshole,Ass","Profanity,Profanity"
"Baby,
you know what I like.","00:05:12,887","00:05:15,299",,
"Come on up here.
I'm starting to dig you a little bit.","00:05:16,624","00:05:19,798",,
"Damn, baby.","00:05:28,369","00:05:29,643",Damn,Profanity
"- Welcome to the party, bitch!
- Fuck!","00:05:48,723","00:05:51,761","Fuck,Bitch","Profanity,Profanity"
Take your pants off.,"00:05:53,194","00:05:54,901",,
"Come on, baby.","00:05:54,963","00:05:56,306",,
You're fuckin' beautiful.,"00:06:02,170","00:06:04,241",Fuck,Profanity
Back up.,"00:06:07,876","00:06:09,321",,
Yeah.,"00:06:14,616","00:06:15,686",,
Good morning.,"00:07:20,915","00:07:22,360",,
"- I got a new boyfriend, Ma.
- A new what?","00:07:31,859","00:07:35,204",,
"- A new boyfriend.
- A boyfriend?","00:07:36,531","00:07:39,444",,
What kind?,"00:07:40,501","00:07:41,707",,
A hunk.,"00:07:42,870","00:07:43,814",,
Really?,"00:07:44,939","00:07:45,883",,
"Yeah,
you're gonna meet him.","00:07:47,542","00:07:49,544",,
"I hear your cute friend
gives good phone.","00:08:10,765","00:08:13,609",,
"Marty's the best.
He'll make you come in two minutes.","00:08:13,668","00:08:17,775",,
"- Can I call him?
- No, he'll call you.","00:08:21,943","00:08:24,753",,
"He lives with
his parents, you know.","00:08:29,450","00:08:31,361",,
"Okay look,
right now...","00:08:35,156","00:08:36,965",,
"$100 if he gets
on stage and dances.","00:08:37,025","00:08:40,131",,
"I hope you know
you're getting up there.","00:08:42,263","00:08:44,334",,
"<i>No way, man.
No way.</i>","00:08:44,399","00:08:45,901",,
"Come on. A hundred bucks
is a hundred bucks.","00:08:45,967","00:08:48,504",,
"I can make the money
somewhere else.","00:08:48,569","00:08:50,480",,
"Get the fuck up there
right now, it's $100.","00:08:50,538","00:08:53,917",Fuck,Profanity
Go!,"00:08:53,975","00:08:55,181",,
Get up there.,"00:08:56,244","00:08:57,188",,
Make 'em proud.,"00:09:07,221","00:09:09,064",,
"160, 180, 200...","00:10:24,298","00:10:27,245",,
"Plus what you got,
that's 300.","00:10:27,301","00:10:29,372",,
"What's the matter, man?","00:10:31,873","00:10:33,113",,
"You enjoyed that,
back there, didn't you?","00:10:36,077","00:10:38,023",,
"Hell no. I ain't queer
like those guys.","00:10:38,079","00:10:40,184",Hell,Blasphemy
Bullshit.,"00:10:40,248","00:10:41,158","Shit,Bullshit","Profanity,Profanity"
can you shut the f**k up,"00:10:41,215","00:10:43,593",Fuck,Profanity
You're such an a**hole,"00:10:43,651","00:10:46,427",Asshole,Profanity
Fuck you!,"00:10:46,487","00:10:47,625",Fuck,Profanity
- Look out!,"00:10:47,688","00:10:48,723",,
- Man!,"00:10:48,789","00:10:50,063",,
"You fuck, you fucked up
my fuckin' car!","00:10:50,124","00:10:52,968",Fuck,Profanity
"- I'm sorry.
- Fuck!","00:10:53,027","00:10:54,005",Fuck,Profanity
"Watch the fuck out!
You're gonna make me wreck!","00:10:54,428","00:10:56,908",Fuck,Profanity
"- You stupid fuck!
- Oh, fuck!","00:10:56,964","00:11:00,571",Fuck,Profanity
"- You piece of shit!
- Motherfucker!","00:11:00,635","00:11:03,673","Fuck,Shit","Profanity,Profanity"
- Fuck this goddamn shit!,"00:11:06,574","00:11:09,680","Fuck,Shit,Damn","Profanity,Profanity,Profanity"
Marty?,"00:11:11,112","00:11:12,250",,
"Hey, get in the car.","00:11:13,347","00:11:15,054",,
"Fuck you, man.","00:11:18,920","00:11:20,126",Fuck,Profanity
"I'm sorry, man.
Let's just go.","00:11:31,566","00:11:34,342",,
"Let's go, I'm sorry.","00:11:35,536","00:11:37,379",,
"Get your fuckin' hands
off me, Bobby.","00:11:37,438","00:11:39,509",Fuck,Profanity
I'm really sorry.,"00:11:40,641","00:11:42,211",,
